original,replacement
buzzer,propagandis
buzzerrp,propagandis
kdrt,kekerasan dalam rumah tangga
timeline,lini masa
barudaks,anak anak
kepalanya batu,keras kepala
hacker,peretas
bawaslu,badan pengawas pemilihan umum
bawaslumk,badan pengawas pemilihan umum mahkamah konstitusi
sulbar,sulawesi barat
sulsel,sulawesi selatan
pemkot,pemerintahan kota
diskominfo,dinas komunikasi dan informatika
dgn,dengan
dg,dengan
dngn,dengan
w,dengan
yg,yang
utk,untuk
unt,untuk
unk,untuk
u,untuk
for,untuk
dpt,dapat
udh,sudah
udah,sudah
sdh,sudah
ssudah ,sudah
dah,sudah
udahlah,sudahlah
skrg,sekarang
skrng,sekarang
skrang,sekarang
skr,sekarang
skarang,sekarang
dll,dan lain lain
ndk,tidak
ndak,tidak
nda,tidak
tak,tidak
ngga,tidak
nggak,tidak
nggk,tidak
gag,tidak
g,tidak
ga,tidak
tdk,tidak
tdak,tidak
dak,tidak
kagak,tidak
kgk,tidak
gak,tidak
gk,tidak
ngk,tidak
ora,tidak
tidaj,tidak
nga,tidak
ngak,tidak
gaada,tidak ada
gada,tidak ada
capek,lelah
sblm,sebelum
seblum,sebelum
sbelum,sebelum
sblum,sebelum
klo,kalau
kalo,kalau
klw,kalau
klu,kalau
kakau,kalau
klau,kalau
kl,kalau
lek,kalau 
sharing,membagikan
share,membagikan
ngeshare,membagikan
ngluarin,mengeluarkan
thd,terhadap
thdp,terhadap
menkominfo,kementerian komunikasi dan informasi
gtgt,begitu begitu
gt,begitu
gini,begini
met,selamat
dlm,dalam
daluhulu,dahulu
dulu,dahulu
dlu,dahulu
dl,dahulu
dolo,dahulu
org,orang
orng,orang
wong,orang
orgnya,orangnya
mui,majelis ulama indonesia
uu,undang undang
,
uud,undang undang dasar
ig,instagram
story,cerita
ngetweet,mencuit
difilter,disaring
filter,menyaring
literasidigitalkominfo,literasi digital komunikasi dan informasi
lgi,lagi
lg,lagi
lh,lagi
gocek,menyiasati
kpu,komisi pemilihan umum
kpud,komisi pemilihan umum daerah
kpps,kelompok penyelenggara pemungutan suara
pps,panitia pemungutan suara
tps,tempat pemungutan suara
tpn,tim pemenangan nasional
pki,partai komunis indonesia
tsk,teknik sosial kultural
mk,mahkamah konstitusi
mpr,majelis permusyawaratan rakyat
dpd,dewan perwakilan daerah
dpr,dewan perwakilan rakyat
dprd,dewan perwakilan rakyat daerah
prov,provinsi
kab,kabupaten
dprmpr,dewan perwakilan rakyat majelis permusyawaratan rakyat
jd,jadi
so,jadi
soo,jadi
jdilah,jadi lah
stop,berhenti
disetop,diberhentikan
ai,kecerdasan buatan
drs,doktorandus
pmerintah,pemerintah
agr,agar
dn,dan
n,dan
menjd,menjadi
mnjdi,menjadi
utma,utama
random,acak
caleg,calon anggota legislatif
nyalek,mendaftarkan diri untuk menjadi calon anggota legislatif
rp,rupiah
rb,ribu
jt,juta
jtan,jutaan
jtperbln,juta per bulan
m,miliar
triyun,triliun
kg,kilogram
dapil,daerah pemilihan
hoax,hoaks
bhw,bahwa
krn,karena
krna,karena
karna,karena
krena,karena
cuz,karena
soalnya,karena
pupr,dinas pekerjaan umum dan penataan ruang
settingan,pengaturan
setting,pengaturan
planner,perencana
amp,dan
ampe,sampai
samp,sampai
sampe,sampai
smpai,sampai
smpe,sampai
diseting,diatur
tgl,tanggal
aja,saja
aje,saja
sj,saja
ajaaaaaaa,saja
aj,saja
dr,dari
dri,dari
kmrn,kemarin
kmrin,kemarin
kmaren,kemarin
kemaren ,kemarin
maren ,kemarin
ogah,tidak mau
mw,mau
mo,mau
ri,republik indonesia
nkri,negara kesatuan republik indonesia
ikn,ibu kota nusantara
indo,indonesia
id,indonesia
idn,indonesia
wni,warga negara indonesia
nyobloslah,nyoblos lah
byk,banyak
bnyak,banyak
byak,banyak
bnyk,banyak
bbyk,banyak
ricek,memastikan
check,memeriksa
crosscheck,memeriksa ulang
cc,salinan karbon
sara,suku agama ras dan antargolongan
x,twitter
bo ,pemesanan
vcs,layanan seksual daring
kalteng,kalimantan tengah
kaltim,kalimantan timur
coblosan,pencoblosan
okt,oktober
feb,februari
sept,september
maen,main
asn,aparatur sipil negara
sekda,sekretariat daerah
capem,cabang pembantu
kcp,kantor cabang pembantu
kpk,komisi pemberantas korupsi 
nnti,nanti
msh,masih
masi,masih
bln,bulan
perbulan,per bulan
ngapain,sedang melakukan
pliss,tolong
plis,tolong
please,tolong
dki,daerah khusus ibukota
jkt,jakarta
jakpus,jakarta pusat
jaksel,jakarta selatan
jakut,jakarta utara
jakbar,jakarta barat
jaktim,jakarta timur
sumut,sumatra utara
sumbar,sumatra barat
jabar,jawa barat
jateng,jawa tengah
jatim,jawa timur
ntb,nusa tenggara barat
denial,penyangkalan
fiks,tetap
fix,tetap
tetep,tetap
ttp,tetap
dittpkan,ditetapkan
esemka,sekolah menengah kejuruan
smp,sekolah menengah pertama
sma,sekolah menengah atas
kemenkominfo,kementerian komunikasi dan informasi
kominfo,komunikasi dan informasi
satgas,satuan tugas
satgasus,satuan tugas khusus
scan,memindai
barcode,kode batang
samudera,samudra
pkl,pukul
bmkg,badan metereologi klimatologi dan geofisika
an,atas nama
bri,bank republik indonesia
spay,dompet digital shopee
kamtibmas,keamanan dan ketertiban masyarakat
spt,seperti
sprti,seperti
kek,seperti
kya,seperti
kaya,seperti
kayak,seperti
kyk,seperti
kyknya,sepertinya
kayaknya,sepertinya
knp,kenapa
knapa,kenapa
monggo,silahkan
kapolri,kepala kepolisian negara republik indonesia
polri,kepolisian negara republik indonesia
kapolda,kepala kepolisian daerah
polda,kepolisian daerah
polsek,kepolisian sektor
kapolsek,kepala kepolisian sektor
polairud,direktorat kepolisian perairan dan udara
polres,kepolisian resor
aiptu,ajun inspektur polisi satu
brigpol,brigadir polisi
bripka,brigadir polisi kepala
sekjen,sekretaris jenderal
satlantas,satuan lalu lintas
mabes,markas besar
surepay,survei
survey,survei
surpe,survei
claim,mengeklaim
mengklaim,mengeklaim
capresm,calon presiden
capres,calon presiden
cawapres,calon wakil presiden
caprescawapresnya,calon presiden calon wakil presidennya
pilpres,pemilihan presiden
pileg,pemilihan umum legislatif
pilkada,pemilihan kepala daerah
paslon,pasangan calon
blm,belum
belom,belum
blum,belum
medsos,media sosial
sosmed,media sosial
bermedsos,bermedia sosial
pdip,partai demokrasi indonesia perjuangan
pdi,partai demokrasi indonesia perjuangan
golkar,partai golongan karya
pan,partai amanat nasional
gerindra,partai gerakan indonesia raya
nasdem,partai nasional demokrat
sndiri,sendiri
dpet,dapat
anyep,hambar
preemtif,pencegahan
prebunking,pembekalan informasi
mlh,malah
bhabinkamtibmas,bhayangkara pembina keamanan dan ketertiban masyarakat
kasat,kepala satuan
binmas,pembinaan masyarakat
akp,ajun komisaris polisi
thn,tahun
th,tahun
pertahun,per tahun
buanget,banget
bangett,banget
beud,banget
bet,banget
bgt,banget
bangat,banget
pol,banget
isin,malu
qc,perhitungan cepat hasil pemilihan umum
realcount,hasil perhitungan suara pemilihan umum yang resmi dirilis oleh komisi pemilihan umum
golput,golongan putih
prof,profesor
nyungsep,jatuh ke depan
channel,saluran
ngomng,ngomong
baperan,terbawa perasaan berlebihan
bkl,akan
akn,akan
timnas,tim nasional
kayaknya,sepertinya
tni,tentara nasional indonesia
au,angkatan udara
cawecawe,ikut menangani
kroni,kawan dekat
tau,tahu
truzz,terus
trs,terus
trus,terus
teruss,terus
kecungan,kecurangan
caption,deskripsi singkat 
support,mendukung
utk,untuk
elekktabilitas,elektabilitas
mrk,mereka
mrka,mereka
jurdil,jujur dan adil
luber,langsung umum bebas rahasia
luberjurdil,langsung umum bebas rahasia jujur dan adil
mmg,memang
emang,memang
mmang,memang
emg,memang
mah,memang
maah,memang
emangnya,memangnya
buktix,buktinya
bujtinya,buktinya
menhan,menteri pertahanan
online,daring
offline,luring
adl ,adalah
adlh,adalah 
adlah,adalah
tp,tetapi
tpi,tetapi
tapi,tetapi
menolk,menolak
nolak,menolak
mnolak,menolak
brita,berita
dlam,dalam
nipu,menipu
parpol,partai politik
orba,orde baru
moga,semoga
ibuk,ibu
mak,ibu
buu,ibu
buuuuu,ibu
emaknya,ibunya
ptn,perguruan tinggi negeri
maba,mahasiswa baru
underage,di bawah umur
psi,partai solidaritas indonesia
pks,partai keadilan sejahtera
jg,juga
ngeh,sadar
proxy,strategi
gimmick,strategi
bs,bisa
bsa,bisa
gabisa,tidak bisa
sakitt,sakit
duiknya,duitnya
yaini,yakni
no,nomor
wa,whatsapp
fb,facebook
dicopotpun,dilepas pun
bansos,bantuan sosial
bener,benar
bner,benar
bnar,benar
pembenerannya,pembenarannya
pake,pakai
pke,pakai
make,memakai
ttg,tentang
about,tentang
tth,tentang
pinal,final
tahapam,tahapan
titikno,titiknya
hbis,habis
hbs,habis
kmbali,kembali
mrasa,merasa
pantes,pantas
pbb,perserikatan bangsa bangsa
slh,salah
maslah,masalah
mslh,masalah
bmasalah,bermasalah
brmasalah,bermasalah
funalty,penalti
jng,jangan
jgn,jangan
propinsi,provinsi
propinsipun,provinsi pun
endasmu,kepalamu
khan,kan
kn,kan
kannn,kan
soko,fondasi
ijasah,ijazah
falsu,palsu
ap,apa
apaaaaa,apa
sich,sih
yach,ya
jk,jika
mbulet,bulat
nyesekkk,menyesak
real,nyata
ril,nyata
pendptan,pendapatan
ahy,agus harimurti yudhoyono
pragib,prabowo gibran
wowo,prabowo
doank,doang
ktp,kartu tanda penduduk
hsl,hasil
kecurangn,kecurangan
ln,luar negeri
boss,bos
deal,kesepakatan
membodihin,membodohi
almat,alamat
pd,pada
pda,pada
kaboor,kabur
nekad,nekat
dholim,zalim
mendholimi,menzalimi
hti,hati
tsm,terstruktur sistematis masif
fam,keluarga
komnas,komisi nasional
ham,hak asasi manusia
hrs,harus
hrus,harus
hrsnya,harusnya
psl,pasal
k,ke
ui,universitas indonesia
itb,insitut teknologi bandung
sp ,siapa
syp,siapa
sbypdahy ,surabaya pindahnya
hk,hak
npk,pupuk yang mengandung unsur nitrogen fosfor dan kalium
tuhun,tahun
hrganya,harganya
inget,ingat
surveyor,petugas survei tanah
trnyata,ternyata
drpda,daripada
drpada,daripada
drpd,daripada
pdhal,padahal
pdhl,padahal
hmpir,hampir
pcya,percaya
prcaya,percaya
percatmya,percaya
apbn,anggaran pendapatan dan belanja negara
blt,bantuan langsung tunai
anaknua,anaknya
fee,biaya
bayangin,bayangkan
laen,lain
isapan,hisapan
nyugok,menyuap
pncitraan,pencitraan
mrakyat,merakyat
rkyt,rakyat
sy,saya
ane,saya
w,saya
gue,saya
gw,saya
ndas,kepala
massif,masif
berseliweran,berjalan kian kemari
brjln,berjalan
terendus,tercium
sebenernya,sebenarnya
actual,sebenarnya
war,perang
ngotot,tidak mau mengalah
ngototan,tidak mau mengalah
mentok,buntu
bsok,besok
denger,dengar
hearing,mendengar
dady,ayah
ayh,ayah
pa,bapak
pak,bapak
bapa,bapak
barengan,berbarengan
outfit,pakaian
kuok,kok
koq,kok
dgaf,tidak peduli
xputaran,kali putaran
kelaliman,penindasan
mengcegah,mencegah
pinter,pintar
pinteran,pintar
lho,loh
du,di
ei,di
nyari,mencari
mencri,mencari
ngada,membayangkan sesuatu yang belum terjadi
misoginis,orang yang membenci wanita
smw,semua
semu,semua
walmur,wali murid
jaman,zaman
jmn,zaman
sgt,sangat
kkacauan,kekacauan
tmn,teman
temen,teman
rek,teman
teman,temannya
matahin,mematahkan
solat,salat
khusyu,khusyuk
diinfokn,diinformasikan
dibilg,dikatakan
gkbpnting,tidak berkepentingan 
btw,omong omong
eman,sayang sekali
pro,setuju
kontra,menentang
ngalir,mengalir
ngasi,memberi
ngsh,memberi
taunya,tahunya
dikasi,dikasih
cmn,hanya
cm,hanya
hny,hanya
hnya,hanya
tracking,melacak
ngebacot,banyak bicara
ngoceh,cerewet
jempolan,hebat
privileged,istimewa
okey,oke
ok,oke
bhg,bohong
bhong,bohong
pembojongan,pembohongan
makin,semakin
kuyu,muram
weeks,minggu
gatau,tidak tahu
ntah,tidak tahu
scr,secara
scra,secara
digaungkan,di gema kan
ngeledek,mengejek
populis,penganut paham populisme
banter,tinggi
menghimbau,mengimbau
lbih,lebih
lbh,lebih
ktm,ketemu
nmpk,tampak
ybs,yang bersangkutan
petitum ,bagian surat gugat yang dimohon untuk diputuskan atau diperintahkan oleh keadilan
duiknya,duitnya
mn,mana
ngepost,mengunggah
memposting,mengunggah
up,unggah
repost,mengunggah ulang
postingan,unggahan
post,unggahan
rape,pemerkosaan
rapist,pelaku kekerasan seksual
nyinyir,cerewet
smi,sri mulyani indrawati
hnw,hidayat nur wahid
jkw,jokowi
goreng,serang
ngegoreng,menyerang
crowds ,kerumunan
yelling,berteriak
while,ketika
delivering,menyampaikan
hdp,hidup
y,ya
yaa,ya
ny,nya
krj,kerja
dsrh,disuruh
menberantas,memberantas
betmen,manusia kelelawar
seret,tersendat
dimasukin,dimasukkan
pssi,persatuan sepakbola seluruh indonesia
dco,dibeli
biasalah,biasanya
vs,versus
official,resmi
bersabarrr,bersabar
menjatugkan,menjatuhkan
akeh,banyak
sg,yang
yo ,juga
nk,kalau
ojo,tidak usah 
memnaca,membaca
gedek,kesal
hashtag,tagar
mager,malas gerak
chaos,kacau
extra,ekstra
millennial,milenial
sop,standar operasional prosedur
ngopi,minum kopi
rw,rukun warga
hello,halo
hallo,halo
hy,hai
hatespeech,ujaran kebencian
dds,kunjungan dari rumah ke rumah
binaanya,binaannya
kab,kabupaten
kec,kecamatan
kel,kelurahan
tinggl,tinggal
lngsung,langsung
lgsung,langsung
lgsg,langsung
tecantum,tercantum
mnding,mending
hpus,hapus
hps,hapus
kaliannn,kalian
protapnya,prosedur tetapnya
panser,kendaraan tempur lapis baja
barracuda,kendaraan tempur lapis baja
mudoratnya,mudaratnya
ama,sama
sm,sama
pingin,ingin
pengen,ingin
pemakzulan,pemberhentian
makzulin,berhentikan
dimakzulkan,diberhentikan
bhkan,bahkan
or,atau
ditelen,ditelan
tl,halaman utama
nebar,menebar
wte,waktu untuk berkumpul
gaenak,tidak enak
melek,sadar
terina,terima
gede,besar
sender,pengirim
rohil,rokan hilir
leaflet,selebaran
nervous,gugup
reply,membalas
rs,rumah sakit
simpatisan,pendukung
pendkung,pendukung
pndkung,pendukung
wib,waktu indonesia bagian barat
wit,waktu indonesia bagian timur
wita,waktu indonesia bagian tengah
banit,anggota
bintibsos,bintara pembina keamanan dan ketertiban masyarakat
dubes,duta besar
apalg,apalagi
receh,remeh
tpp,tim pemberdayaan pembangunan
kemendes,kementerian desa
d,di
mulu,melulu
highlight,sorotan
mafindo,masyarakat anti  fitnah indonesia
fisip,fakultas ilmu sosial dan politik
framing ,desain
proportional,proporsional
akbp,ajun komisaris besar polisi
akuntable,dapat dipertanggungjawabkan
culture,budaya
ops,operasi
ngitung,menghitung
km,kamu
krg,kurang
rl,kehidupan nyata
mention,menyebut
ull,kamu akan
find,menemukan
urself,dirimu
di,di
called,panggil
sok,belagak
all in,totalitas
sdri,sendiri
dubbling,mengisi suara
sambang,melakukan penyuluhan
th,tahun
pemulu,pemilihan umum
pehelatan,penyelenggaraan
kak,kakak
mba,kakak
mbak,kakak
wasdapai,waspadai
nyebar,menyebar
ciptakan,menciptakan
eks,mantan
deket,dekat
vgh,villa gading harapan
kultus,penyembahan
kadrun,politisi yang tidak konsisten
tag,menandai
semalem,semalam
sms,layanan pesan singkat
nyenggol,menyentuh
aalah,alah
science,ilmu pengetahuan
ngeriii,mengerikan
masyarakt,masyarakat
msyrkt,masyarakat
walopun,walaupun
ngawal,mengawal
dijembrengin,disajikan
kelar,selesai
biar,agar
politic,politik
iz,itu
dirty,kotor
keburukkan,keburukan
milih,memilih
yok,mari
sambangi,mengunjungi
congornya,mulut nya
ngomongin,membicarakan
ngm,bicara
thread,pembahasan
like wtf,seperti tidak masuk akal
fearmongering,menyebarkan ketakutan
tiap,setiap
diwanti,diingatkan
pinteran,lebih cerdas
ngurus,mengurus
komen,komentar
gerakin,menggerakan
syaraf,saraf
berjamaah,berjemaah
wondering,heran
explicitly,secara eksplisit
new,berita
berati,berarti
insane,gila
theseday,akhir akhir ini
macem,macam
loser,pecundang
pmenang,pemenang
alesan,alasan
napas,nafas
psati,pasti
psti,pasti
pst,pasti
melenceng,menyimpang dari arah yang seharusnya
ngeyel,sulit diberi tahu
skali,sekali
skl,sekali
skli,sekali
tnp,tanpa
sbt,sebut
hr,hari
circle,grup
omon,omongan
respect,hormat
doyan,gemar sekali
nefara,negara
dini,sini
dp,dengan uang muka
dbilang,dikatakan
ortunya,orang tua nya
pr ,pekerjaan rumah
ajuin,mengajukan
hkm,hukum
ph ,pengacara
kta,kartu tanda advokat
penyiar,penyebar
nyalahin,menyalahkan
kedunguan,kebodohan
ikeh,oleh
akherat,akhirat
merubah,mengubah
kenak,bersentuhan
kena,terkena
sangsi,sanksi
nihbsalah,nih salah
nihh,nih
ni,nih
teraebut,tersebut
tsb,tersebut
sarat,syarat
demen,suka
brutalitas,kebrutalan
ecek ecek,tidak sungguh sungguh
sampeyan,anda
ente,anda
pahari,saat ini
kanit,kepala unit
ms,nyonya
janggar,ganjar
janggaran,ganjar
membully,menindas
hoaxampfitnah,hoaks sampai fitnah
sbb,sebagai berikut
menkes,menteri kesehatan
polling,pemungutan suara
institute,insitut
paska,pasca
cyber,siber
dipenjarakrn,dipenjara karena
kesalahnya,kesalahannya
kesalahnyadr,kesalahannya dari
prank,tipu daya
lntambangesemka,luar negeri tambang sekolah menengah kejuruan
lap ker,lapangan kerja
chinabansosbltterakhir,china bantuan sosial bantuan langsung tunai terakhir
kepdes,kepala desa
kades,kepala desa
k,ke
gbk,gelora bung karno
ngajak,mengajak
jokowitak,jokowi tidak
sptygg,seperti yang
mosok,apakah benar
masak,masa
statement,pernyataan
stress,stres
senengnya,senangnya
seneng,senang
dicounter,ditanggapi
mengcounter,menanggapi
mak banteng,ibu banteng
hilalnya,kemunculannya
kondang,populer
kluar,keluar
y,iya
ya,iya
yee,iya
yaps,iya
ny,nya
begonya,bodohnya
pea,bodoh
manasin,memanaskan
dimk,di mahkamah konstitusi
matiin,matikan
presidenwapres,presiden wakil presiden
provok,provokasi
mhn,mohon
sgr,segera
secemen,secetek mental
dijogedin,dijogetin
base,komunitas
akbt,akibat
modiyar,modar 
kon,kamu
ugalan,serampangan
kebijakn,kebijakan
bathil,batil
legowo,legawa
ngeselengarain,menyelenggarakan
hub,hubungan
hubunga,hubungan
hubnganya,hubungannya
ati,hati
gaes,teman teman
guys,teman teman
daku,aku
makasihhhh,terima kasih
thanks,terima kasih
ngaku,mengaku
jalanin,menjalani
open,buka
cctv,kamera pengawas
guk,tidak kredibel
dst,dan seterusnya
waktumomentren,waktu dan momen
template,templat
jelekin,menjelekkan
jelekan,menjelekkan
nach,nah
nyangka,menyangka
moment,momen
hut,hari ulang tahun
pn,pengadilan negeri
to,ke
president,presiden
berataan,bersatu
tamakan,termakan
kpunya,komisi pemilihan umumnya
putrn ,putaran
slama,selama
event,peristiwa
cebonk,cebong
pujaanny,pujaannya
penyelenggaraka,penyelenggaraan
rasane,rasanya
kemensesneg,kementerian sekretariat negara republik indonesia
bbrp,beberapa
tangkep,tangkap
ditangkep,ditangkap
ditangakep,ditangkap
ngumumin,mengumumkan
berhalan,berhalangan
sekolam,satu kolam
ngerusak,merusak
ngerusakin,merusak
ngerusahkin,merusak
scra,secara
prbaiki,perbaiki
bareskrim,badan reserse nasional
it,itu
nuduh,menuduh
server,jaringan
datacenter,pusat data
lha ya iya,lah iya iya
ikutin,mengikuti
ikuttt,ikut
nyebelin,menyebalkan
ngeselin,menyebalkan
klmpk,kelompok
klmpok,kelompok
brsuara,bersuara
hnya,hanya
bntuk,bentuk
kkcewaan,kekecewaan
akdmisi,akademisi
prnrwirwan,purnawirawan
dibrbagai,diberbagai
smua,semua
trun,turun
jln,jalan
hsri,hari
tinjalo,tinja kau
bgmn,bagaimana
gmn,bagaimana
gimanaaa,bagaimana
kasian,kasihan
jeblok,jatuh
jebloskan,menjatuhkan
shg,sehingga
membikin,membuat
pembelot,pengkhianat
kgb,komite keamanan negara
russia,rusia
jurkamnas,juru kampanye nasional
heh,he
form,formulir
c,sih
mindset,pola pikir
prodeo,penjara
lambe,mulut
alaaah,alah
selalundi,selalu di
yaudah,ya sudah
curangin,mencurangi
dokonfirmasikan,dikonfirmasikan
kpd,kepada
narsumnya,narasumbernya
subyektifitasnya,subjektifitasnya
pemrednya,pemimpin redaksinya
misleading context,konteks yang menyesatkan
sorry,maaf
im sorry,saya minta maaf
milih,pilih
ayokk,ayo
ayok,ayo
nyok,ayo
ayoo,ayo
ayooo,ayo
terseluhung,terselubung
situ,anda
like,menyukai
embel,pengaruh
block,blokir
you,kamu
can,bisa
believe,percaya
but,tetapi
accept,menerima
dont,jangan
be,menjadi
banyakan,kebanyakan
haluu,halusinasi
tak botak,botak botak
jilat,menjilat
kluarga,keluarga
icw,indonesia corruption watch
mentudutkan,menyudutkan
menturuh,menyuruh
idependent,mandiri
benerbener,benar benar
greget,gereget
nanggepin,menanggapi
ust,ustad
fairness,keadilan
ngalihkan,mengalihkan
massive,besar sekali
iyaiya,iya iya
nganten,pengantin
ngedukasi,mengedukasi
ngaca,berkaca
ono,itu
noh,itu
kemakan,termakan
praktek,praktik
initakut,ini takut
ksatria,kesatria
fpuib,forum persaudaraan umat islam banten
adian,kejadian
timses,tim sukses
percayan,mempercayai
fypnya,halaman utamanya
hujannin,dihujani
tweet,cuitan
twit,cuitan
kabid,ketua bidang
humas,hubungan masyarakat
divhumas,divisi hubungan masyarakat
control,kontrol
yakiinn,yakin
modelan,tipe
tkg,tukang
sii,sih
ditangkep,ditangkap
vidio,video
vid,video
pimpin,memimpin
kondisivitas,kondisi
plinplan,berpendirian tidak tetap
publish,menerbitkan
hadeuh,aduh
duh,aduh
kerudungan,berkerudung
adek,adik
full,penuh
case,kasus
positive,positif
bookmark,simpan
thumbnail,pratinjau
baguss,bagus
rakyattolak,rakyat tolak
hakangket,hak angket
aaah,ah
jni,ini
bosen,bosan
salaf,pendahulu
anyar,baru
lae,kamu
laen,lain
fakcta,fakta
kdpn,ke depan
sbgian,sebagian
pelksanaan,pelaksanaan
melaksanskan,melaksanakan
menlaksanakan,melaksanakan
tupoksinya,tugas pokok dan fungsinya
pean ,kamu
askinya,aslinya
hobby,hobi
trn,turun
den,raden
sjw,pejuang keadilan sosial
alus,halus
dipiara,dipelihara
changed,berubah
ngejer,mengejar
nyulik,menculik
pangkep,pangkajene dan kepulauan
lwt,lewat
fanboy,penggemar fanatik
banggatak,bangga tak
duluhasilnya,dahulu hasilnya
thnmau,tahun mau
kolapkrn,kolaps karena
kangambarfoto,kan gambar foto
kpulangsung,komisi pemilihan umum langsung
negri,negeri
layer,berlapis
bergandengan,berpegangan
orkay,orang kaya
holder,penahan
olokolokan,olok olokan
advent ,kedatangan
bocoor,bocor
lanang,laki laki
wkt,waktu
semaleman,semalaman
mantengin,memantau
palestine,palestina
dibubarin,dibubarkan
kit,kita
asambut,sambut
mesti,musti
cakep,bagus
latih,melatih
nyambung,menyambung
hoaxbenar,hoaks benar
palsuhoax,palsu hoaks
setujudisuruh,setuju disuruh
salamjari,salam jari
sesatitulah,sesat itulah
otangtua,orang tua
itutentu,itu tentu
masang,memasang
batol,bodoh
kibulisasisiapa,pembohongan siapa
ehh,eh
eehhhh,eh
tuhhh,tuh
testing,pengujian
uat,pengujian penerimaan pengguna
nak,anak
laa,lah
igh,ih
system,sistem
fak,persetan
anjirrrrr,anjing
anjir,anjing
njirr,anjing
njir,anjing
jr,anjing
jir,anjing
ajg,anjing
lonteee,pelacur
tolol x ,sangat bodoh
tulul,sangat bodoh
goblok,bodoh sekali
bacot,banyak bicara
bgstttttt,bangsat
kampungan,terbelakang
bego,sangat bodoh
sempak,celana dalam
kontol,zakar
tolol,sangat bodoh
mampus,mati
dongok,dungu
goblog,bodoh sekali
anjer,anjing
taik taik,tinja tinja
anjirlah,anjinglah
demn,berengsek
eneg,mual
news,berita
taber,populer
maximal,maksimal
masukin,memasukkan
sedulurr,saudara
pemilu,pemilihan umum
building,gedung
date,tanggal
tuesday,selasa
october,oktober
time,waktu
pm ,waktu indonesia bagian barat
location,lokasi
hybrid,hibrida
gamau,tidak mau
kapolres,kepala kepolisian resor 
fia,fakultas ilmu administrasi
gmw,tidak mau
mag,magnitudo
campignhoax,kampanye hoaks
msyarakat,masyarakat
pulik,publik
berhatihatilah,berhati hatilah
mempengaruhi ,memengaruhi 
ciriciri,ciri ciri
bersamasama,bersama sama
sendisendi,sendi sendi
berhatihati,berhati hati
amp,dan
mensukseskan,menyukseskan
ajadeh,aja deh
mimin,admin
a,atau
berit,berita
divisihumaspolri,divisi humas kepolisian republik indonesia
hoax,hoaks
musti,mesti
lawanhoaxpemilu,lawan hoaks pemilihan umum
demokrasimenyebarkan,demokrasi menyebarkan
brjln,berjalan
kasuskasus, kasus kasus 
bnr,benar
pinterpinter,pinter pinter
terheranheran,terheran heran
nderr,pengirim
kiatkiat,kiat kiat
warganet,warga internet
bisabisanya,bisa bisanya
jokopak,pak joko
bertanyatanya,bertanya tanya
lantaranhoaks,lantaran hoaks
setiadimembernarkan,setiadi membernarkan
h,hari
hatihati,hati hati
bo,booking out
rusakin,merusak
lgd,diskusi tanpa pemimpin
tm,rapat teknis
tournament,turnamen
ml,mobile legend
i,satu
ii,dua
mulyono,jokowi
syaitan,setan
cantikcantik,cantik cantik
temanteman,teman teman
cebong,pendukung jokowi
antek,pendukung
didunia,di dunia
loe,kamu
kau,kamu
dimanamana,dimana mana
halhal,hal hal
beginiapalagi,begini apalagi
sombongangkuh,sombong angkuh
gembirakok,gembira kok
black,hitam
campaign,kampanye
toch,toh
bohooonk,bohong
brti,berarti
brookk,bro
hoaxberita,hoaks berita
salahsatu,salah satu
adl,adalah
hitamamppolitik,hitam dan politik
berikansuarauntukpemimpin,berikan suara untuk pemimpin
ahkalo,kalau
bowo,prabowo
dariuntuk,dari untuk
masingmasing,masing masing
demiallah,demi allah
yakni?ya,yakni iya
ini?,ini
mentalkalau,mental kalau
witjaksonoterkait,witjaksono terkait
mkmk,mahkamah konstitusi
diotak atik,diotak atik
ujujur,jujur
capekcapek,capek capek
bohongbohongan,bohong bohongan
datadata,data data
bohonganeh,bohong aneh
pecatkasus,pecat kasus
tauapalagi,tahu apalagi
ank,anak
bawasluri,badan pengawas pemilihan umum republik indonesia
jua,juara
bohongiya,bohong iya
banggahasil,bangga hasil
belaka iya,belaka iya
bui,penjara
cantum,tercantum
gibrunlihat,gibran lihat
bodohnegara,bodoh negara
bkn,bukan
beritaberita,berita berita
bohongpresiden,bohong presiden
lu,kamu
awalmau,awal mau
bohongalesannya,bohong alasannya
mkyg,mereka yang
dulusemudah,dulu semudah
kusampei,saya sampaikan
nyalong,nyalon
dng,dengan
ko,kok
ato,atau
publikjgn,publik jangan
lo,kamu
mu,kamu
pemilupilpres,pemilihan umum pemilihan presiden
kuncinyakrn,kuncinya karena
lnmau,luar negeri mau
lagiviralkan,lagi viralkan
mbok,sebaiknya
sajasetelah,saja setelah
pemiluini,pemilihan umum ini
tuk,untuk
membodohin,membodohi
ummat,umat
mainmain,main main
watch,jam
sp,siapa
culikham,culikham
sbypdahy,susilo bambang yudhoyono pada agus harimurti yudhoyono 
stuju,setuju
sam,sama
wapres,wakil presiden
ngerogoh,memasukkan tangan ke
kocek,kantong
surpay,supaya
dejavu,pernah merasa
ite,undang undang informasi dan transaksi elektronik
konstitusihukum,konstitusi hukum
jasmanirohani,jasmani rohani
menclamencle,tidak dapat dipercaya
king,raja
of,dari 
life,kehidupan
service,pelayanan
loveitulah,cinta itulah
part,bagian
gua,saya
exitpoolqc,keluar dari lingkaran hitung cepat
dimobil,di mobil
dikelas,di kelas
putan,putaran
bkin,bikin
sndiri,sendiri
smpmasih,sekolah menengah pertama masih
smp,sekolah menengah pertama
barisanideologi,barisan ideologi
pilihanpilihannya,pilihan pilihannya
uuiet,undang undang ite
depanmuokey,depanmu
ituminta,itu minta
gemoy,prabowo
demokrasipemilu,demokrasi pemilihan umum
pragibret,prabowo gibran
aahhhh,ah
bertubitubi,bertubi tubi
satukali,satu kali
dimusim,di musim
ganjarmahfud,ganjar mahfud
gedungpolda,gedung polda
terlaporkasus,terlapor kasus
crowds,kerumunan
pagii,pagi
sia,sia sia
sepakbola,sepak bola
bolo,saudara
bersabarrrr,bersabar
td,tidak
campaignhoax,kampanye hoaks
kagetmusim,kaget musim
prabowogibran,prabowo gibran
selatansulsel,selatan
ditiktok,di tiktok
hoaxkalo,hoaks kalau
kuwa,ini
kuwi,itu
antihoax,anti hoaks
ditpolairud,direktorat kepolisian perairan dan udara 
pesanpesan,pesan pesan
negative,negatif
tuduhanhoax,tuduhan hoaks
pakprabowopertama,pak prabowo pertama
didunia,di dunia
dulur,saudara
iv,lima
harto,suharto
inimari,ini mari
ajaaaaa,aja
nder,pengirim
bisabisa,bisa bisa
brosurleaflet,brosur leaflet
knpa,kenapa
bgini,begini
cekfakta,cek fakta
framing,pembingkaian
isuisu,isuisu
and,dan
bhbinkamtibmas,bhayangkara pembina keamanan dan ketertiban masyarakat
satusama,satu sama
pndukung,pendukung
that,itu
baguus,bagus
kemaribyak,kemari iya
berpendidikanclckckck,berpendidikan
jugatp,juga tapi
tiktoksosmed,tiktok sosial media
wak,bro
jo,juncto
juncto,dihubungkan
memecahbelah,memecah belah
lamalama,lama lama
faktafakta,fakta fakta
samasama,sama sama
orangorang,orang orang
jelasjelas,jelas jelas
waspadahoax,waspada hoaks
omonganpendukung,omongan pendukung
maren,kemarin
ph,pengacara
corona,korona
brutal,kejam
pihakpihak,pihak pihak
dungu,bodoh
hoaxkami,hoaks kami
jan,januari
pasxa,pasca
polri,kepolisian negara republik indonesia
parahnya,lebih parah
ngajuin,mengajukan
unsa,universitas surakarta
emng,memang
ngancam,ancam
nderbanyak,banyak
hoaxbisa,hoaks bisa
dikasustrus,dikasus terus
validtrus,valid terus
songongnya,angkuhnya
tidakberapa,tidak berapa
daerahberapa,daerah berapa
penyelengara,penyelenggara
bkn,bukan
menangkan,memenangkan
garagara,gara gara
matikan,mematikan
via,melalui
disediaken,disediakan
hatihati,hati hati
lu,kamu
loe,kamu
lo,kamu
elu,kamu
count,perhitungan 
cape,lelah 
mu,anda
diem,diam
bedanyakalo,bedanya kalau
kocak,lucu
ngikutin,mengikuti
transpuan,transgender perempuan
videovideo,video video
kredibel,dapat dipercaya
jago,hebat
demodemo,demo demo
dibuai,terpengaruh
diseret,di tarik
kemaren,kemarin
kemeninfo,kementerian kominukasi dan informatika
penghianat,pengkhianat
ingati,ingat
tv,televisi
putrn,putaran 
didis,di diskualifikasi
kedzoliman,kezaliman
nulisnya,menulisnya
berhalanloe,berpihak
lagimenghalalkan,lagi menghalalkan
konslet,korsleting
melonjat,melonjak
ratarata,rata rata 
prnwirwan,purnawirawan
dibrbgai,di berbagai
kcrangan,kecurangan
wan angin wan ganjar,wahai anis wahai ganjar
capresnya,calon presidennya
vote,memilih
mengadudomba,mengadu domba 
uda,sudah 
undangundang,undang undang 
ye,iya 
siapsiap,siap siap
fenomenapolitik,fenomena politik
prabowogibran,prabowo gibran 
jabanin,tanggapi
gua,saya
gue,saya
w,saya
gw,saya
berjamjam,berjam jam
bahasbahas,bahas bahas 
dikatakatain,disebutkan
brjln,berjalan
kare,karena
negerikaya,negeri seperti
undangundang,undang undang
jatengpasca,jawa tengah pasca 
benarjelas,benar jelas
humanioramenerima,humaniora menerima
alamin,mengalami
bkin,bikin
anehh,aneh 
kabidhumas,ketua bidang hubungan masyarakat
waktumomen,waktu 
pean,anda
blg,bilang
hebohhebohnya,heboh hebohnya
oarang,orang 
mentahmentah,mentah mentah
nilainilai,nilai nilai
negative,negatif
nyindir,sindir
ngantor,masuk ke kantor
zhalim,zalim
zolim,zalim
penjarakrn,penjara karena
sptyg,seperti yang
mosoksekelas,apakah mungkin sekelas
sbb,sebagai berikut
pascapemilu,pasca pemilihan umum
leaflet,selebaran
pemiluku,pemilihan umum saya
memimih,memilih
sebarhoax,sebar hoaks
benarhoax,benar hoaks
bohonghoax,bohong hoaks
kapolrinya,kepala kepolisian republik indonesia nya
atauhoakssoalpolritidak,atau hoaks soal kepolisian republik indonesia tidak
liat,lihat
im,saya
soalpemilu,soal pemilihan umum
pemilu,pemilihan umum
kepemiluan,pemilihan umum
polresta,kepolisian resor wilayan perkotaan
lawanhoaxpemilu,lawan hoaks pemilihan umum
kasuskasus,kasus kasus
taun,tahun
brjln,berjalan
pemilunya,pemilihan umumnya
dalampemilu,dalam pemilihan umum
males,malas
essay,esai
kejer,kejar
dapet,dapat
sndri,sendiri
absurd,konyol
omonganpendkung,omongan pendukung
liris,rilis
prose,proses
ra,ras
dapilnya,daerah pemilihannya
nemu,menemukan
menampik,tampil
adem,tenteram
mnolk,menolak
kera,keras
in,ini
ditakedown,diturunkan
nyembunyiin,menyembunyikan
beraskalo,beras kalau
markup,penandaan
kompastv,kompas televisi
siapin,siapkan
gbkdn,gelora bung karno dan
daerahdll,daerah dan lain lain
postingannya,unggahannya